title,author,year,price,genre
How to Earn Friends,John Doe,2021,15.00,Self Help
How to Earn Friends,John Doe,2012,12.00,Self Help
How to Win Friends,John Doe,2013,90.00,Self Help
The Great Gatsby,F. Scott Fitzgerald,1925,12.99,Classic
To Kill a Mockingbird,Harper Lee,1960,10.50,Classic
1984,George Orwell,1949,8.99,Science Fiction
Animal Farm,George Orwell,1945,7.25,Science Fiction
The Hobbit,J.R.R. Tolkien,1937,14.99,Fantasy
Dune,Frank Herbert,1965,11.50,Science Fiction
Emma,Jane Austen,1815,9.99,Romance
Sense and Sensibility,Jane Austen,1811,8.99,Romance
